<?xml version="1.0" encoding="UTF-8"?>
<Configuration status="INFO">
    <Appenders>
        <Console name="Console" target="SYSTEM_OUT">
            <PatternLayout pattern="%d{HH:mm:ss.SSS} [%t] %-5level %logger{36} - %msg%n" />
        </Console>
        <RollingFile name="RollingFile" fileName="logs/ems.log" immediateFlush="false" append="false"
        filePattern="./logs/$${date:yyyy-MM}/facility-consumer-replica-v1-%d{dd-MMMM-yyyy}-%i.log.gz">
            <PatternLayout pattern="%d{yyy-MM-dd HH:mm:ss.SSS} [%t] %-5level %logger{36} - %msg%n"/>
            <Policies>
                <OnStartupTriggeringPolicy/>
                <TimeBasedTriggeringPolicy interval="1" modulate="true" />
                <SizeBasedTriggeringPolicy size="10 MB" />
            </Policies>
        </RollingFile>
    </Appenders>
    <Loggers>
        <Root level="debug">
            <AppenderRef ref="Console" />
            <AppenderRef ref="RollingFile"/>
        </Root>
    </Loggers>
</Configuration>